NOM_LOC,NOM_ENT,NOM_MUN
3 PARCELA,BAJA CALIFORNIA,NA
RINCON PUNTA BANDA (RINCON DE BALLENAS),BAJA CALIFORNIA,NA
LA RIVERA (CABO DEL SOL),BAJA CALIFORNIA SUR,NA
LA PRIMAVERA,BAJA CALIFORNIA SUR,NA
SANTO DOMINGO VIEJO,BAJA CALIFORNIA SUR,NA
TODOS SANTOS (CAMPO EXPERIMENTAL),BAJA CALIFORNIA SUR,NA
RANCHO SIN NOMBRE,BAJA CALIFORNIA SUR,NA
LA BOCA,BAJA CALIFORNIA SUR,NA
LA BOCANA,BAJA CALIFORNIA SUR,NA
EL CORRALITO,BAJA CALIFORNIA SUR,NA
ENSENADA,BAJA CALIFORNIA SUR,NA
CAMPECHE (CORRALON DE GRUAS),CAMPECHE,NA
HEROICA CABORCA,CAMPECHE,NA
LEOPARDO,CAMPECHE,NA
LOCALIDAD SIN NOMBRE,CAMPECHE,NA
SANTA CLARA,CAMPECHE,NA
CHAMIZAL,CAMPECHE,NA
LA AGUADA,CAMPECHE,NA
PUERTO REAL,CAMPECHE,NA
JIMBAL,CAMPECHE,NA
CANDELARIA,CAMPECHE,NA
JESUS DE NAZARENO,CAMPECHE,NA
BOCA DE LOS TOMATES,JALISCO,NA
CRUCERO BOCA DE LOS TOMATES,JALISCO,NA
PARAISO ESCONDIDO (RANCHO),NAYARIT,NA
PARAISO ESCONDIDO (COLONIA),NAYARIT,NA
CASA BLANCA,NAYARIT,NA
ANTONIO R LAURELES,NAYARIT,NA
COMUNIDAD INDIGENA PUENTE EL COACOYUL (EL SUSPIRO),NAYARIT,NA
CUACOYOTL,NAYARIT,NA
POZO DE HIGUERAS II,NAYARIT,NA
EL MOCHO,NAYARIT,NA
FRANCISCO VILLA (EL RETIRO),NAYARIT,NA
POBLADO EL VIGIA,SINALOA,NA
CASTILLO,SINALOA,NA
SALTO CHICO (COOPERATIVA),SINALOA,NA
EL SUSPIRO,SINALOA,NA
NUEVO CULIACAN,SINALOA,NA
LAS PINTURAS,SINALOA,NA
OTATILLOS,SINALOA,NA
ARENITAS,SINALOA,NA
ESTACION ESCUINAPA,SINALOA,NA
22 15 (CAMPO PESQUERO),SINALOA,NA
EL ECHO,SINALOA,NA
MARGEN DERECHA,SINALOA,NA
LA BALLENA,SINALOA,NA
ISLA DE LA PIEDRA,SINALOA,NA
LOMA ALTA DE LOS SANCHEZ,SINALOA,NA
AGUAMITAS,SINALOA,NA
TEODORO BELTRAN,SINALOA,NA
SITIO MATADERO,SINALOA,NA
VAZQUEZ MORENO,SINALOA,NA
PLAN DE AYALA VIEJO,SINALOA,NA
CAJEME PRODUCTOS PECUARIOS,SONORA,NA
CERRO COLORADO,SONORA,NA
ABEL PLACENCIA,SONORA,NA
OBIACHI,SONORA,NA
LOCALIDAD SIN NOMBRE,SONORA,NA
HIGUERILLAS,SONORA,NA
AGIABAMPO UNO,SINALOA,NA
YAVAROS,SONORA,NA
OCHO Y MEDIA (BLOQUE 908),SONORA,NA
AGIABAMPO NUMERO DOS (EL CAMPITO),SINALOA,NA
DZILAM DE BRAVO (UNIDAD HABITACIONAL),YUCATAN,NA
CHICXULUB,YUCATAN,NA
ISLA ARENA,YUCATAN,NA
MI RANCHITO EL LLORON,SINALOA,NA
MEZQUITILLO,SINALOA,NA
EL HUARACHE,SINALOA,NA
LA CUESTONA (LA CUESTA),SINALOA,NA
MAXIMILIANO R LOPEZ (EL POCHOTE),SINALOA,NA
MAZATLAMINI (CAMPO DE TIRO),SINALOA,NA
EJIDO EL DIEZ,SINALOA,NA
AREA COMERCIAL LOS TOLTECAS,SONORA,NA
