economic_activity,link,Yr
Construccion,https://www.inegi.org.mx/contenidos/masiva/denue/denue_00_23_csv.zip,22-Nov
"Actividades legislativas, gubernamentales, de imparticion de justicia y de organismos internacionales y extraterritoriales",https://www.inegi.org.mx/contenidos/masiva/denue/denue_00_93_csv.zip,22-Nov
"Agricultura, cria y explotacion de animales, aprovechamiento forestal, pesca y caza",https://www.inegi.org.mx/contenidos/masiva/denue/denue_00_11_csv.zip,22-Nov
Comercio al por mayor,https://www.inegi.org.mx/contenidos/masiva/denue/denue_00_43_csv.zip,22-Nov
Comercio al por menor (1 de 4),https://www.inegi.org.mx/contenidos/masiva/denue/denue_00_46111_csv.zip,22-Nov
Comercio al por menor (2 de 4),https://www.inegi.org.mx/contenidos/masiva/denue/denue_00_46112-46311_csv.zip,22-Nov
Comercio al por menor (3 de 4),https://www.inegi.org.mx/contenidos/masiva/denue/denue_00_46321-46531_csv.zip,22-Nov
Comercio al por menor (4 de 4),https://www.inegi.org.mx/contenidos/masiva/denue/denue_00_46591-46911_csv.zip,22-Nov
Corporativos,https://www.inegi.org.mx/contenidos/masiva/denue/denue_00_55_csv.zip,22-Nov
Informacion en medios masivos,https://www.inegi.org.mx/contenidos/masiva/denue/denue_00_51_csv.zip,22-Nov
Mineria,https://www.inegi.org.mx/contenidos/masiva/denue/denue_00_21_csv.zip,22-Nov
Industrias manufactureras,https://www.inegi.org.mx/contenidos/masiva/denue/denue_00_31-33_csv.zip,22-Nov
"Generacion, transmision y distribucion de energia electrica, suministro de agua y de gas por ductos al consumidor final",https://www.inegi.org.mx/contenidos/masiva/denue/denue_00_22_csv.zip,22-Nov
Otros servicios excepto actividades gubernamentales (1 de 2),https://www.inegi.org.mx/contenidos/masiva/denue/denue_00_81_1_csv.zip,22-Nov
Otros servicios excepto actividades gubernamentales (2 de 2),https://www.inegi.org.mx/contenidos/masiva/denue/denue_00_81_2_csv.zip,22-Nov
Servicios de alojamiento temporal y de preparacion de alimentos y bebidas (1 de 2),https://www.inegi.org.mx/contenidos/masiva/denue/denue_00_72_1_csv.zip,22-Nov
Servicios de alojamiento temporal y de preparacion de alimentos y bebidas (2 de 2),https://www.inegi.org.mx/contenidos/masiva/denue/denue_00_72_2_csv.zip,22-Nov
Servicios de apoyo a los negocios y manejo de desechos y servicios de remediacion,https://www.inegi.org.mx/contenidos/masiva/denue/denue_00_56_csv.zip,22-Nov
"Servicios de esparcimiento culturales y deportivos, y otros servicios recreativos",https://www.inegi.org.mx/contenidos/masiva/denue/denue_00_71_csv.zip,22-Nov
Servicios de salud y de asistencia social,https://www.inegi.org.mx/contenidos/masiva/denue/denue_00_62_csv.zip,22-Nov
Servicios educativos,https://www.inegi.org.mx/contenidos/masiva/denue/denue_00_61_csv.zip,22-Nov
Servicios financieros y de seguros,https://www.inegi.org.mx/contenidos/masiva/denue/denue_00_52_csv.zip,22-Nov
Servicios inmobiliarios y de alquiler de bienes muebles e intangibles,https://www.inegi.org.mx/contenidos/masiva/denue/denue_00_53_csv.zip,22-Nov
"Servicios profesionales, cientificos y tecnicos",https://www.inegi.org.mx/contenidos/masiva/denue/denue_00_54_csv.zip,22-Nov
"Transportes, correos y almacenamiento",https://www.inegi.org.mx/contenidos/masiva/denue/denue_00_48-49_csv.zip,22-Nov
