NOM_ENT,NOM_LOC
YUCATAN,PUERTO DE ABRIGO
BAJA CALIFORNIA,EL SAUZAL DE RODRIGUEZ
BAJA CALIFORNIA,SAN FELIPE
YUCATAN,PROGRESO
SINALOA,TOPOLOBAMPO
SINALOA,MAZATLAN
SONORA,HEROICA GUAYMAS
SONORA,PUERTO PENASCO
SONORA,YAVAROS (ISLA LAS VIEJAS)
BAJA CALIFORNIA SUR,PUERTO SAN CARLOS
BAJA CALIFORNIA,ENSENADA
NAYARIT,CRUZ DE HUANACAXTLE
YUCATAN,DZILAM DE BRAVO
NAYARIT,SAN BLAS
CAMPECHE,LERMA
BAJA CALIFORNIA SUR,LA PAZ
CAMPECHE,SAN FRANCISCO DE CAMPECHE
YUCATAN,TELCHAC
BAJA CALIFORNIA,SAN CARLOS
BAJA CALIFORNIA SUR,SANTA ROSALIA
BAJA CALIFORNIA SUR,BAHIA ASUNCION
BAJA CALIFORNIA SUR,SAN LUCAS
SONORA,SAN FELIPE
CAMPECHE,CIUDAD DEL CARMEN
YUCATAN,CELESTUN
BAJA CALIFORNIA,MOLINO VIEJO
BAJA CALIFORNIA SUR,GUERRERO NEGRO
SONORA,BAHIA DE KINO
YUCATAN,RIO LAGARTOS
YUCATAN,EL CUYO
BAJA CALIFORNIA,LA SALINA
BAJA CALIFORNIA,EJIDO RUBEN JARAMILLO
BAJA CALIFORNIA,POPOTLA
YUCATAN,SAN FELIPE
YUCATAN,SISAL
BAJA CALIFORNIA,PUERTECITOS
BAJA CALIFORNIA SUR,PUNTA EUGENIA
BAJA CALIFORNIA,PUERTO SAN ISIDRO
BAJA CALIFORNIA SUR,PUNTA ABREOJOS
BAJA CALIFORNIA,PUNTA BAJA
BAJA CALIFORNIA SUR,ISLA NATIVIDAD
BAJA CALIFORNIA SUR,PUNTA PRIETA
BAJA CALIFORNIA,PUERTO NUEVO
BAJA CALIFORNIA SUR,ESTERO DE LA BOCANA
BAJA CALIFORNIA SUR,PUERTO ADOLFO LOPEZ MATEOS
BAJA CALIFORNIA,EL RINCON
SONORA,LAS PLAYITAS
BAJA CALIFORNIA SUR,PUERTO NUEVO
BAJA CALIFORNIA SUR,BAHIA TORTUGAS
SINALOA,LAS LAJITAS
SINALOA,EL CARACOL
SINALOA,LA BALLENA
CAMPECHE,COSTA BLANCA
SINALOA,EL HUITUSSI
BAJA CALIFORNIA SUR,LAS BARRANCAS
BAJA CALIFORNIA SUR,ENSENADA BLANCA
SINALOA,BOCA DEL RIO
BAJA CALIFORNIA SUR,EL CHICHARRON
SINALOA,LA PITAHAYA
BAJA CALIFORNIA,EL BARRIL
CAMPECHE,SABANCUY
SONORA,LA PINTA
SINALOA,LA REFORMA
SINALOA,EL PERIHUETE
SONORA,PUERTO LIBERTAD
BAJA CALIFORNIA SUR,CABO SAN LUCAS
BAJA CALIFORNIA SUR,BUENA VISTA
SINALOA,EL TORTUGO
BAJA CALIFORNIA SUR,LA RIBERA
BAJA CALIFORNIA SUR,PUERTO AGUA VERDE
SONORA,PUNTA CHUECA
BAJA CALIFORNIA SUR,HEROICA MULEGE
BAJA CALIFORNIA SUR,LIGUI
BAJA CALIFORNIA SUR,LORETO
BAJA CALIFORNIA SUR,SAN NICOLAS
BAJA CALIFORNIA,BAHIA DE LOS ANGELES
BAJA CALIFORNIA,LA CHORERA
BAJA CALIFORNIA SUR,SAN CRISTOBAL
SINALOA,DAUTILLOS
SINALOA,EL CASTILLO
SINALOA,ALTATA
QUINTANA ROO,MAHAHUAL
YUCATAN,TELCHAC PUERTO
BAJA CALIFORNIA SUR,SAN EVARISTO
BAJA CALIFORNIA SUR,PUERTO CHALE
BAJA CALIFORNIA SUR,LAS ANIMAS
BAJA CALIFORNIA SUR,LOS FRAILES
NAYARIT,PLATANITOS
BAJA CALIFORNIA SUR,EL SARGENTO
SINALOA,EL CONCHAL
SINALOA,COSPITA
QUINTANA ROO,PUNTA HERRERO
BAJA CALIFORNIA SUR,LOS BARRILES
BAJA CALIFORNIA SUR,EL DATILAR
BAJA CALIFORNIA SUR,PUNTA COYOTE
SONORA,LA CHOYA
BAJA CALIFORNIA SUR,EL CENTENARIO
CAMPECHE,ISLA AGUADA
CAMPECHE,ISLA ARENA
SINALOA,LA BRECHA
SINALOA,YAMETO
BAJA CALIFORNIA SUR,LA VENTANA
BAJA CALIFORNIA SUR,EL CONEJO
SONORA,BAHIA DE LOBOS
BAJA CALIFORNIA,CAMALU
BAJA CALIFORNIA SUR,ISLA SAN MARCOS
BAJA CALIFORNIA,EL PABELLON
NAYARIT,ATICAMA
NAYARIT,BUCERIAS
NAYARIT,CHACALA
NAYARIT,RINCON DE GUAYABITOS
NAYARIT,BOCA DEL ASADERO
SONORA,SAN CARLOS
NAYARIT,LO DE MARCOS
NAYARIT,PUERTA DEL RIO
NAYARIT,SAYULITA
NAYARIT,BOCA DE CAMICHIN
BAJA CALIFORNIA,EL CAMPITO
BAJA CALIFORNIA,SAN QUINTIN
SINALOA,EL COLORADO
SONORA,PUERTO LOBOS
CAMPECHE,NUEVO CAMPECHITO
BAJA CALIFORNIA,LAGUNA MANUELA
QUINTANA ROO,PLAYA DEL CARMEN
NAYARIT,MONTEON
BAJA CALIFORNIA,JATAY
BAJA CALIFORNIA,PUERTO CATARINA
BAJA CALIFORNIA,AGUA BLANCA
BAJA CALIFORNIA,CAMPO NUEVO
BAJA CALIFORNIA,PUERTO SAN CARLOS
BAJA CALIFORNIA,PUNTA SAN ANTONIO
CAMPECHE,ATASTA
BAJA CALIFORNIA,EL SOCORRO
SONORA,EL JAGUEY
BAJA CALIFORNIA SUR,SAN JUANICO
BAJA CALIFORNIA SUR,PUNTA PESCADERO
BAJA CALIFORNIA,ISLA DE CEDROS
QUINTANA ROO,PUERTO MORELOS
SONORA,GOLFO DE SANTA CLARA
BAJA CALIFORNIA SUR,PUERTO MEJIA
BAJA CALIFORNIA SUR,SAN ROQUE
SONORA,EL CARDONAL
BAJA CALIFORNIA,SANTO DOMINGO
SINALOA,LOS CERRITOS
SINALOA,JUAN JOSE RIOS
BAJA CALIFORNIA,EL ROSARIO
SONORA,SAN JOSE
QUINTANA ROO,CHIQUILA
CAMPECHE,SAN ANTONIO CARDENAS
QUINTANA ROO,TULUM
BAJA CALIFORNIA SUR,SAN PABLO
BAJA CALIFORNIA,LAS PALOMAS
BAJA CALIFORNIA,EL PAPALOTE
BAJA CALIFORNIA SUR,SAN JORGE
BAJA CALIFORNIA,LA MISION
BAJA CALIFORNIA SUR,SANTA ROSA
QUINTANA ROO,ISLA MUJERES
BAJA CALIFORNIA,VICENTE GUERRERO
BAJA CALIFORNIA SUR,EL COYOTE
BAJA CALIFORNIA,SAN RAFAEL
BAJA CALIFORNIA,SANTA MARIA
BAJA CALIFORNIA,CAMPO LOPEZ
SONORA,EL RANCHO
SONORA,PAREDONCITO
SINALOA,PAREDONES
SONORA,LAS BOCAS
SONORA,SANTA BARBARA
BAJA CALIFORNIA SUR,MALARRIMO
SONORA,EL RIITO
SINALOA,EL PLATANITO
BAJA CALIFORNIA SUR,SAN JUAN DE LA COSTA
BAJA CALIFORNIA SUR,EL RINCON
BAJA CALIFORNIA,SAN ANTONIO DEL MAR
BAJA CALIFORNIA SUR,SANTA MARIA
SINALOA,LAS TINAJAS
BAJA CALIFORNIA,EL PLAYON
JALISCO,BOCA DE TOMATLAN
SINALOA,BARRAS DE PIAXTLA
SONORA,CAMAHUIROA
SINALOA,LA HERRADURA
SINALOA,PUERTA DE SAN MARCOS
SONORA,LA BANDERA
SINALOA,EL EBANITO
BAJA CALIFORNIA SUR,LA FLORIDA
SINALOA,EL TAPAHUITO
BAJA CALIFORNIA SUR,LA HERRADURA
SINALOA,EL MEZCAL
SINALOA,LA GUASIMA
SINALOA,LOS POZOS
SINALOA,EL POZOLE
SINALOA,EL PATOLE
JALISCO,EL ZAPOTE
JALISCO,MISMALOYA
NAYARIT,EL MANGUITO
JALISCO,LA CUESTA
JALISCO,AGUA CALIENTE
JALISCO,EL SALTO
NAYARIT,EL LIMON
JALISCO,LOS ARRAYANES
JALISCO,OJO DE AGUA
JALISCO,LA PALAPA
JALISCO,EL GUAMUCHIL
SINALOA,PIEDRA BOLA
SINALOA,EL TABACHIN
NAYARIT,NOVILLERO
SINALOA,EL PASITO
SONORA,EL CASTILLO
BAJA CALIFORNIA SUR,EL SAUZAL
BAJA CALIFORNIA SUR,SAN HIPOLITO
SONORA,EL COLORADO
BAJA CALIFORNIA SUR,EL CAYUCO
BAJA CALIFORNIA SUR,EL CARDON
BAJA CALIFORNIA SUR,PUNTA ALTA
CAMPECHE,RIBERA GOMEZ
BAJA CALIFORNIA SUR,NOPOLO
BAJA CALIFORNIA,EL FARO
BAJA CALIFORNIA SUR,SAN JACINTO
BAJA CALIFORNIA SUR,SAN BRUNO
BAJA CALIFORNIA,TIJUANA
BAJA CALIFORNIA,DON ABEL
BAJA CALIFORNIA,EL MORRO
BAJA CALIFORNIA SUR,EL MANGLE
NAYARIT,SAN FRANCISCO
BAJA CALIFORNIA SUR,LOS JUNCOS
BAJA CALIFORNIA SUR,LAS CASITAS
BAJA CALIFORNIA SUR,EL DATIL
BAJA CALIFORNIA SUR,PUERTO DATIL
SINALOA,LOS PUENTES CUATES
SINALOA,LA BOCANA
NAYARIT,AZTLAN DE LAS GARZAS
SINALOA,EL HUIZACHE
SINALOA,EL GUAMUCHILITO
JALISCO,PUERTO VALLARTA
SINALOA,ENSENADA
SONORA,LA PAZ
BAJA CALIFORNIA SUR,MATANCITAS
SINALOA,SAN CARLOS
BAJA CALIFORNIA SUR,SANTO DOMINGO
SINALOA,LAZARO CARDENAS
BAJA CALIFORNIA,LA BOCANA
NAYARIT,SANTA CRUZ
SINALOA,LA ENSENADA
SINALOA,EL HECHO
BAJA CALIFORNIA,PUNTA PIEDRA
QUINTANA ROO,RIO INDIO
QUINTANA ROO,CABO CATOCHE
BAJA CALIFORNIA SUR,LA JOYA
QUINTANA ROO,PUNTA SAM
NAYARIT,HIGUERA BLANCA
SONORA,EL MEZQUITE
SINALOA,BACOREHUIS
BAJA CALIFORNIA SUR,EL PARAISO
SINALOA,PALMITO DEL VERDE
SINALOA,AGUA VERDE
SINALOA,LA PALMA
SINALOA,SAN BLAS
NAYARIT,CUMBRES DE HUICICILA
SONORA,LAS SALINAS
SINALOA,SAN PEDRO
BAJA CALIFORNIA,EL CHUTE
BAJA CALIFORNIA SUR,LA VIRGENCITA
SINALOA,EL AGUAJITO
SINALOA,LAS SALINITAS
NAYARIT,ANTONIO R. LAURELES
NAYARIT,PERICOS
BAJA CALIFORNIA SUR,BUENAVISTA
SINALOA,EL VERDE
BAJA CALIFORNIA SUR,LA CURVA
CAMPECHE,EL MANGAL
SINALOA,LA VINATA
SONORA,LA REFORMA
BAJA CALIFORNIA SUR,PUERTO ALCATRAZ
BAJA CALIFORNIA SUR,LOS AZABACHES
SINALOA,PERICOS
BAJA CALIFORNIA,GUADALUPE
BAJA CALIFORNIA,MEXICALI
SINALOA,EL ESTERON
BAJA CALIFORNIA SUR,EL CAJETE
SINALOA,LOMAS DE MONTERREY
